<?xml version="1.0" encoding="UTF-8"?>
<PasswordSaver>
	<Site>
		<Name>Microsoft.net</Name>
		<Username>marko154</Username>
		<Password>BG2YbURKF6UxEb9UwGu+</Password>
	</Site>
	<Site>
		<Name>Gmail.com</Name>
		<Username>mmarkic@gmail.com</Username>
		<Password>tSU0hS4ERIdusuZ2wkc5JA==</Password>
	</Site>
	<Site>
		<Name>mojtvz.hr</Name>
		<Username>mmarkic1</Username>
		<Password>0ms49573BgiIyRHuV+5z</Password>
	</Site>
	<Site>
		<Name>mojang</Name>
		<Username>mmarkic</Username>
		<Password>+FTZCkdhW7lnpUCI0SA=</Password>
	</Site>  <Site>
    <Name>tvz</Name>
    <Username>pperic</Username>
    <Password>ti+WJan1oze3OY646X5yG3kLSlNg6Zz8tg==</Password>
  </Site>
</PasswordSaver>
